beta,rmse_beta
beta0,4.444353408618968
beta1,2.80249623868325
beta2,8.676773241618445
AVG,5.3078742963068875
